membership_id,user_id,current_points
1,1,809
2,2,348
3,3,143
4,4,639
5,5,897
6,6,853
7,7,1
8,8,665
9,9,765
10,10,491
11,11,6
12,12,198
13,13,371
14,14,718
15,15,17
16,16,83
17,17,241
18,18,942
19,19,160
20,20,989
21,21,26
22,22,369
23,23,620
24,24,461
25,25,641
26,26,784
27,27,950
28,28,83
29,29,578
30,30,141
31,31,27
32,32,38
33,33,569
34,34,157
35,35,765
36,36,1000
37,37,426
38,38,999
39,39,349
40,40,20
41,41,760
42,42,4
43,43,932
44,44,764
45,45,298
46,46,816
47,47,222
48,48,362
49,49,883
50,50,510
51,51,995
52,52,999
53,53,489
54,54,190
55,55,525
56,56,429
57,57,186
58,58,727
59,59,818
60,60,172
61,61,161
62,62,605
63,63,768
64,64,940
65,65,645
66,66,711
67,67,518
68,68,363
69,69,690
70,70,186
71,71,117
72,72,913
73,73,657
74,74,697
75,75,307
76,76,465
77,77,391
78,78,901
79,79,357
80,80,404
81,81,843
82,82,66
83,83,265
84,84,481
85,85,550
86,86,308
87,87,263
88,88,455
89,89,737
90,90,379
91,91,392
92,92,297
93,93,988
94,94,235
95,95,334
96,96,396
97,97,654
98,98,625
99,99,588
100,100,72
101,101,366
102,102,656
103,103,878
104,104,765
105,105,256
106,106,65
107,107,162
108,108,421
109,109,292
110,110,255
111,111,536
112,112,661
113,113,574
114,114,798
115,115,528
116,116,278
117,117,351
118,118,505
119,119,68
120,120,62
121,121,828
122,122,445
123,123,914
124,124,151
125,125,501
126,126,453
127,127,687
128,128,210
129,129,159
130,130,256
131,131,945
132,132,910
133,133,151
134,134,626
135,135,955
136,136,516
137,137,743
138,138,601
139,139,892
140,140,597
141,141,303
142,142,883
143,143,689
144,144,600
145,145,676
146,146,89
147,147,813
148,148,746
149,149,554
150,150,523
151,151,126
152,152,486
153,153,485
154,154,638
155,155,858
156,156,192
157,157,327
158,158,444
159,159,627
160,160,320
161,161,237
162,162,432
163,163,83
164,164,844
165,165,643
166,166,944
167,167,714
168,168,387
169,169,906
170,170,597
171,171,286
172,172,913
173,173,281
174,174,447
175,175,459
176,176,715
177,177,81
178,178,757
179,179,918
180,180,675
181,181,878
182,182,753
183,183,660
184,184,622
185,185,680
186,186,289
187,187,923
188,188,957
189,189,842
190,190,104
191,191,211
192,192,732
193,193,819
194,194,404
195,195,378
196,196,68
197,197,423
198,198,41
199,199,599
200,200,215
201,201,999
202,202,561
203,203,927
204,204,688
205,205,544
206,206,663
207,207,52
208,208,339
209,209,197
210,210,579
211,211,520
212,212,902
213,213,836
214,214,628
215,215,32
216,216,836
217,217,618
218,218,662
219,219,987
220,220,534
221,221,744
222,222,423
223,223,723
224,224,230
225,225,247
226,226,889
227,227,36
228,228,446
229,229,166
230,230,750
231,231,284
232,232,293
233,233,209
234,234,129
235,235,557
236,236,204
237,237,585
238,238,165
239,239,649
240,240,29
241,241,402
242,242,101
243,243,124
244,244,518
245,245,540
246,246,320
247,247,356
248,248,941
249,249,199
250,250,991
251,251,259
252,252,981
253,253,713
254,254,641
255,255,662
256,256,194
257,257,762
258,258,282
259,259,172
260,260,315
261,261,293
262,262,456
263,263,52
264,264,463
265,265,379
266,266,282
267,267,638
268,268,604
269,269,897
270,270,614
271,271,788
272,272,675
273,273,476
274,274,93
275,275,982
276,276,88
277,277,195
278,278,736
279,279,454
280,280,737
281,281,692
282,282,919
283,283,918
284,284,764
285,285,825
286,286,871
287,287,587
288,288,737
289,289,45
290,290,610
291,291,955
292,292,747
293,293,397
294,294,6
295,295,828
296,296,598
297,297,561
298,298,212
299,299,317
300,300,663
301,301,573
302,302,212
303,303,110
304,304,386
305,305,635
306,306,225
307,307,58
308,308,401
309,309,520
310,310,975
311,311,948
312,312,450
313,313,707
314,314,708
315,315,744
316,316,441
317,317,689
318,318,417
319,319,535
320,320,31
321,321,19
322,322,891
323,323,215
324,324,647
325,325,441
326,326,237
327,327,826
328,328,358
329,329,903
330,330,714
331,331,117
332,332,394
333,333,525
334,334,262
335,335,667
336,336,334
337,337,295
338,338,809
339,339,703
340,340,817
341,341,631
342,342,181
343,343,693
344,344,192
345,345,312
346,346,370
347,347,905
348,348,623
349,349,780
350,350,9
351,351,26
352,352,20
353,353,544
354,354,928
355,355,772
356,356,401
357,357,868
358,358,343
359,359,5
360,360,742
361,361,329
362,362,919
363,363,995
364,364,158
365,365,424
366,366,708
367,367,267
368,368,223
369,369,103
370,370,286
371,371,864
372,372,350
373,373,905
374,374,721
375,375,998
376,376,182
377,377,585
378,378,720
379,379,900
380,380,874
381,381,243
382,382,721
383,383,534
384,384,980
385,385,310
386,386,423
387,387,265
388,388,206
389,389,157
390,390,835
391,391,690
392,392,154
393,393,847
394,394,709
395,395,815
396,396,243
397,397,288
398,398,21
399,399,435
400,400,132
401,401,928
402,402,377
403,403,674
404,404,279
405,405,413
406,406,19
407,407,207
408,408,483
409,409,423
410,410,616
411,411,848
412,412,462
413,413,685
414,414,882
415,415,667
416,416,173
417,417,315
418,418,894
419,419,703
420,420,912
421,421,288
422,422,662
423,423,421
424,424,312
425,425,214
426,426,88
427,427,421
428,428,831
429,429,488
430,430,431
431,431,945
432,432,236
433,433,691
434,434,245
435,435,252
436,436,778
437,437,337
438,438,480
439,439,972
440,440,835
441,441,392
442,442,782
443,443,199
444,444,235
445,445,486
446,446,144
447,447,656
448,448,655
449,449,995
450,450,138
451,451,873
452,452,726
453,453,59
454,454,338
455,455,87
456,456,585
457,457,47
458,458,879
459,459,923
460,460,304
461,461,418
462,462,856
463,463,429
464,464,270
465,465,301
466,466,20
467,467,440
468,468,412
469,469,683
470,470,816
471,471,901
472,472,185
473,473,982
474,474,125
475,475,814
476,476,277
477,477,54
478,478,817
479,479,515
480,480,832
481,481,445
482,482,468
483,483,224
484,484,619
485,485,99
486,486,269
487,487,452
488,488,794
489,489,26
490,490,764
491,491,121
492,492,837
493,493,574
494,494,538
495,495,66
496,496,224
497,497,573
498,498,953
499,499,192
500,500,543
501,501,106
502,502,708
503,503,888
504,504,758
505,505,999
506,506,782
507,507,132
508,508,68
509,509,499
510,510,210
511,511,314
512,512,804
513,513,6
514,514,12
515,515,735
516,516,889
517,517,680
518,518,674
519,519,414
520,520,964
521,521,900
522,522,1000
523,523,401
524,524,269
525,525,513
526,526,36
527,527,226
528,528,354
529,529,104
530,530,172
531,531,438
532,532,54
533,533,383
534,534,84
535,535,661
536,536,541
537,537,797
538,538,133
539,539,795
540,540,323
541,541,200
542,542,662
543,543,10
544,544,924
545,545,724
546,546,449
547,547,961
548,548,0
549,549,186
550,550,746
551,551,814
552,552,826
553,553,861
554,554,86
555,555,61
556,556,633
557,557,144
558,558,925
559,559,224
560,560,334
561,561,369
562,562,817
563,563,913
564,564,855
565,565,982
566,566,427
567,567,96
568,568,155
569,569,751
570,570,451
571,571,506
572,572,501
573,573,647
574,574,413
575,575,598
576,576,287
577,577,121
578,578,520
579,579,336
580,580,84
581,581,670
582,582,87
583,583,502
584,584,389
585,585,709
586,586,319
587,587,86
588,588,380
589,589,632
590,590,576
591,591,969
592,592,990
593,593,493
594,594,894
595,595,201
596,596,956
597,597,169
598,598,735
599,599,884
600,600,698
601,601,327
602,602,633
603,603,673
604,604,963
605,605,160
606,606,141
607,607,314
608,608,26
609,609,867
610,610,963
611,611,416
612,612,580
613,613,287
614,614,517
615,615,400
616,616,659
617,617,194
618,618,734
619,619,465
620,620,320
621,621,845
622,622,667
623,623,959
624,624,91
625,625,407
626,626,660
627,627,119
628,628,509
629,629,613
630,630,701
631,631,136
632,632,703
633,633,187
634,634,621
635,635,503
636,636,7
637,637,153
638,638,183
639,639,672
640,640,659
641,641,474
642,642,831
643,643,445
644,644,443
645,645,196
646,646,474
647,647,589
648,648,489
649,649,155
650,650,530
651,651,65
652,652,998
653,653,776
654,654,721
655,655,836
656,656,282
657,657,101
658,658,718
659,659,723
660,660,729
661,661,754
662,662,557
663,663,944
664,664,128
665,665,157
666,666,247
667,667,430
668,668,414
669,669,558
670,670,147
671,671,69
672,672,161
673,673,405
674,674,229
675,675,282
676,676,495
677,677,632
678,678,448
679,679,508
680,680,272
681,681,107
682,682,911
683,683,705
684,684,971
685,685,157
686,686,541
687,687,186
688,688,884
689,689,600
690,690,335
691,691,692
692,692,601
693,693,573
694,694,587
695,695,453
696,696,164
697,697,161
698,698,31
699,699,703
700,700,803
701,701,655
702,702,596
703,703,974
704,704,870
705,705,782
706,706,266
707,707,651
708,708,643
709,709,607
710,710,67
711,711,970
712,712,732
713,713,560
714,714,499
715,715,12
716,716,699
717,717,504
718,718,880
719,719,71
720,720,299
721,721,217
722,722,523
723,723,314
724,724,168
725,725,766
726,726,740
727,727,973
728,728,911
729,729,389
730,730,508
731,731,733
732,732,409
733,733,52
734,734,731
735,735,279
736,736,953
737,737,43
738,738,474
739,739,207
740,740,327
741,741,62
742,742,39
743,743,192
744,744,862
745,745,943
746,746,392
747,747,459
748,748,449
749,749,993
750,750,387
751,751,218
752,752,75
753,753,157
754,754,230
755,755,562
756,756,923
757,757,530
758,758,965
759,759,466
760,760,265
761,761,24
762,762,786
763,763,507
764,764,808
765,765,366
766,766,283
767,767,708
768,768,61
769,769,307
770,770,823
771,771,153
772,772,701
773,773,515
774,774,203
775,775,488
776,776,737
777,777,637
778,778,197
779,779,306
780,780,918
781,781,31
782,782,850
783,783,523
784,784,700
785,785,651
786,786,172
787,787,703
788,788,93
789,789,764
790,790,760
791,791,970
792,792,108
793,793,631
794,794,541
795,795,972
796,796,924
797,797,490
798,798,966
799,799,763
800,800,831
801,801,21
802,802,128
803,803,913
804,804,686
805,805,161
806,806,695
807,807,186
808,808,665
809,809,829
810,810,121
811,811,24
812,812,145
813,813,559
814,814,287
815,815,303
816,816,169
817,817,140
818,818,216
819,819,264
820,820,540
821,821,889
822,822,608
823,823,586
824,824,416
825,825,422
826,826,848
827,827,366
828,828,675
829,829,238
830,830,511
831,831,921
832,832,246
833,833,439
834,834,906
835,835,956
836,836,666
837,837,783
838,838,505
839,839,434
840,840,650
841,841,143
842,842,984
843,843,442
844,844,886
845,845,259
846,846,247
847,847,791
848,848,859
849,849,350
850,850,758
851,851,152
852,852,564
853,853,424
854,854,51
855,855,863
856,856,143
857,857,984
858,858,816
859,859,143
860,860,788
861,861,475
862,862,619
863,863,518
864,864,846
865,865,376
866,866,271
867,867,174
868,868,206
869,869,419
870,870,487
871,871,527
872,872,963
873,873,66
874,874,469
875,875,903
876,876,675
877,877,366
878,878,774
879,879,847
880,880,120
881,881,996
882,882,30
883,883,686
884,884,856
885,885,742
886,886,725
887,887,549
888,888,289
889,889,189
890,890,946
891,891,601
892,892,486
893,893,391
894,894,950
895,895,631
896,896,650
897,897,899
898,898,548
899,899,693
900,900,731
901,901,504
902,902,84
903,903,815
904,904,58
905,905,805
906,906,789
907,907,46
908,908,852
909,909,349
910,910,119
911,911,656
912,912,217
913,913,758
914,914,307
915,915,378
916,916,15
917,917,112
918,918,582
919,919,588
920,920,226
921,921,118
922,922,248
923,923,153
924,924,422
925,925,293
926,926,301
927,927,266
928,928,20
929,929,966
930,930,486
931,931,668
932,932,444
933,933,823
934,934,541
935,935,916
936,936,203
937,937,827
938,938,9
939,939,508
940,940,317
941,941,896
942,942,786
943,943,630
944,944,419
945,945,350
946,946,841
947,947,227
948,948,273
949,949,474
950,950,666
951,951,397
952,952,788
953,953,888
954,954,440
955,955,395
956,956,852
957,957,428
958,958,396
959,959,324
960,960,779
961,961,387
962,962,97
963,963,183
964,964,954
965,965,713
966,966,402
967,967,520
968,968,259
969,969,858
970,970,828
971,971,187
972,972,434
973,973,358
974,974,447
975,975,287
976,976,360
977,977,796
978,978,840
979,979,684
980,980,863
981,981,956
982,982,759
983,983,838
984,984,805
985,985,52
986,986,956
987,987,889
988,988,615
989,989,712
990,990,479
991,991,656
992,992,771
993,993,292
994,994,696
995,995,461
996,996,89
997,997,378
998,998,232
999,999,461
1000,1000,211
1001,1001,406
1002,1002,199
1003,1003,7
1004,1004,492
1005,1005,515
1006,1006,880
1007,1007,222
1008,1008,989
1009,1009,732
1010,1010,553
1011,1011,834
1012,1012,81
1013,1013,856
1014,1014,95
1015,1015,364
1016,1016,395
1017,1017,30
1018,1018,544
1019,1019,729
1020,1020,520
1021,1021,448
1022,1022,197
1023,1023,414
1024,1024,423
1025,1025,737
1026,1026,678
1027,1027,708
1028,1028,181
1029,1029,567
1030,1030,413
1031,1031,815
1032,1032,614
1033,1033,837
1034,1034,921
1035,1035,614
1036,1036,421
1037,1037,783
1038,1038,501
1039,1039,174
1040,1040,375
1041,1041,952
1042,1042,252
1043,1043,188
1044,1044,501
1045,1045,86
1046,1046,201
1047,1047,9
1048,1048,180
1049,1049,164
1050,1050,684
1051,1051,246
1052,1052,854
1053,1053,545
1054,1054,441
1055,1055,159
1056,1056,505
1057,1057,662
1058,1058,299
1059,1059,548
1060,1060,596
1061,1061,86
1062,1062,697
1063,1063,814
1064,1064,415
1065,1065,155
1066,1066,233
1067,1067,275
1068,1068,50
1069,1069,782
1070,1070,876
1071,1071,44
1072,1072,91
1073,1073,784
1074,1074,124
1075,1075,13
1076,1076,198
1077,1077,276
1078,1078,989
1079,1079,284
1080,1080,211
1081,1081,712
1082,1082,982
1083,1083,839
1084,1084,754
1085,1085,700
1086,1086,435
1087,1087,217
1088,1088,538
1089,1089,110
1090,1090,631
1091,1091,634
1092,1092,870
1093,1093,424
1094,1094,812
1095,1095,153
1096,1096,885
1097,1097,533
1098,1098,739
1099,1099,968
1100,1100,735
1101,1101,152
1102,1102,694
1103,1103,244
1104,1104,131
1105,1105,225
1106,1106,288
1107,1107,45
1108,1108,317
1109,1109,829
1110,1110,798
1111,1111,844
1112,1112,40
1113,1113,316
1114,1114,431
1115,1115,520
1116,1116,375
1117,1117,540
1118,1118,899
1119,1119,935
1120,1120,422
1121,1121,45
1122,1122,733
1123,1123,339
1124,1124,85
1125,1125,929
1126,1126,393
1127,1127,445
1128,1128,480
1129,1129,120
1130,1130,405
1131,1131,127
1132,1132,807
1133,1133,705
1134,1134,153
1135,1135,786
1136,1136,603
1137,1137,826
1138,1138,96
1139,1139,779
1140,1140,162
1141,1141,249
1142,1142,371
1143,1143,398
1144,1144,770
1145,1145,489
1146,1146,778
1147,1147,315
1148,1148,565
1149,1149,495
1150,1150,303
1151,1151,470
1152,1152,889
1153,1153,341
1154,1154,606
1155,1155,140
1156,1156,126
1157,1157,581
1158,1158,938
1159,1159,802
1160,1160,458
1161,1161,616
1162,1162,494
1163,1163,277
1164,1164,43
1165,1165,791
1166,1166,410
1167,1167,981
1168,1168,456
1169,1169,534
1170,1170,889
1171,1171,951
1172,1172,341
1173,1173,561
1174,1174,496
1175,1175,512
1176,1176,118
1177,1177,297
1178,1178,458
1179,1179,7
1180,1180,50
1181,1181,893
1182,1182,896
1183,1183,912
1184,1184,830
1185,1185,980
1186,1186,261
1187,1187,114
1188,1188,244
1189,1189,194
1190,1190,27
1191,1191,925
1192,1192,687
1193,1193,216
1194,1194,463
1195,1195,321
1196,1196,967
1197,1197,151
1198,1198,433
1199,1199,627
1200,1200,419
1201,1201,317
1202,1202,800
1203,1203,355
1204,1204,272
1205,1205,610
1206,1206,355
1207,1207,590
1208,1208,802
1209,1209,442
1210,1210,483
1211,1211,669
1212,1212,971
1213,1213,69
1214,1214,853
1215,1215,574
1216,1216,122
1217,1217,993
1218,1218,687
1219,1219,454
1220,1220,81
1221,1221,749
1222,1222,809
1223,1223,789
1224,1224,841
1225,1225,865
1226,1226,136
1227,1227,260
1228,1228,248
1229,1229,691
1230,1230,662
1231,1231,198
1232,1232,418
1233,1233,706
1234,1234,540
1235,1235,848
1236,1236,714
1237,1237,787
1238,1238,957
1239,1239,976
1240,1240,14
1241,1241,377
1242,1242,391
1243,1243,381
1244,1244,357
1245,1245,60
1246,1246,179
1247,1247,236
1248,1248,316
1249,1249,457
1250,1250,401
1251,1251,169
1252,1252,297
1253,1253,833
1254,1254,167
1255,1255,411
1256,1256,751
1257,1257,480
1258,1258,423
1259,1259,60
1260,1260,129
1261,1261,510
1262,1262,776
1263,1263,507
1264,1264,998
1265,1265,100
1266,1266,359
1267,1267,151
1268,1268,133
1269,1269,217
1270,1270,461
1271,1271,40
1272,1272,534
1273,1273,380
1274,1274,267
1275,1275,525
1276,1276,469
1277,1277,752
1278,1278,231
1279,1279,40
1280,1280,945
1281,1281,753
1282,1282,781
1283,1283,643
1284,1284,695
1285,1285,3
1286,1286,236
1287,1287,210
1288,1288,875
1289,1289,656
1290,1290,360
1291,1291,745
1292,1292,656
1293,1293,111
1294,1294,692
1295,1295,549
1296,1296,821
1297,1297,356
1298,1298,306
1299,1299,954
1300,1300,438
1301,1301,515
1302,1302,749
1303,1303,408
1304,1304,978
1305,1305,836
1306,1306,184
1307,1307,367
1308,1308,569
1309,1309,308
1310,1310,926
1311,1311,848
1312,1312,701
1313,1313,363
1314,1314,561
1315,1315,233
1316,1316,508
1317,1317,533
1318,1318,436
1319,1319,549
1320,1320,823
1321,1321,369
1322,1322,862
1323,1323,222
1324,1324,539
1325,1325,275
1326,1326,492
1327,1327,190
1328,1328,700
1329,1329,275
1330,1330,693
1331,1331,931
1332,1332,775
1333,1333,884
1334,1334,632
1335,1335,492
1336,1336,975
1337,1337,782
1338,1338,759
1339,1339,588
1340,1340,32
1341,1341,118
1342,1342,411
1343,1343,716
1344,1344,398
1345,1345,531
1346,1346,535
1347,1347,925
1348,1348,656
1349,1349,483
1350,1350,458
1351,1351,373
1352,1352,374
1353,1353,687
1354,1354,293
1355,1355,155
1356,1356,106
1357,1357,951
1358,1358,633
1359,1359,716
1360,1360,36
1361,1361,690
1362,1362,800
1363,1363,101
1364,1364,385
1365,1365,340
1366,1366,203
1367,1367,733
1368,1368,210
1369,1369,753
1370,1370,413
1371,1371,739
1372,1372,116
1373,1373,753
1374,1374,723
1375,1375,609
1376,1376,951
1377,1377,261
1378,1378,76
1379,1379,627
1380,1380,461
1381,1381,438
1382,1382,479
1383,1383,655
1384,1384,53
1385,1385,791
1386,1386,171
1387,1387,323
1388,1388,167
1389,1389,587
1390,1390,425
1391,1391,435
1392,1392,611
1393,1393,396
1394,1394,312
1395,1395,986
1396,1396,450
1397,1397,822
1398,1398,721
1399,1399,438
1400,1400,852
1401,1401,846
1402,1402,407
1403,1403,521
1404,1404,389
1405,1405,664
1406,1406,401
1407,1407,629
1408,1408,366
1409,1409,572
1410,1410,744
1411,1411,47
1412,1412,3
1413,1413,446
1414,1414,569
1415,1415,707
1416,1416,725
1417,1417,664
1418,1418,714
1419,1419,695
1420,1420,485
1421,1421,679
1422,1422,379
1423,1423,907
1424,1424,620
1425,1425,845
1426,1426,266
1427,1427,262
1428,1428,372
1429,1429,16
1430,1430,804
1431,1431,338
1432,1432,39
1433,1433,103
1434,1434,89
1435,1435,647
1436,1436,710
1437,1437,554
1438,1438,351
1439,1439,573
1440,1440,328
1441,1441,584
1442,1442,103
1443,1443,772
1444,1444,876
1445,1445,706
1446,1446,41
1447,1447,496
1448,1448,562
1449,1449,839
1450,1450,787
1451,1451,986
1452,1452,0
1453,1453,144
1454,1454,636
1455,1455,764
1456,1456,402
1457,1457,670
1458,1458,521
1459,1459,385
1460,1460,415
1461,1461,581
1462,1462,987
1463,1463,114
1464,1464,996
1465,1465,997
1466,1466,420
1467,1467,271
1468,1468,772
1469,1469,757
1470,1470,547
1471,1471,332
1472,1472,635
1473,1473,425
1474,1474,243
1475,1475,449
1476,1476,273
1477,1477,576
1478,1478,186
1479,1479,382
1480,1480,186
1481,1481,434
1482,1482,243
1483,1483,269
1484,1484,51
1485,1485,333
1486,1486,387
1487,1487,190
1488,1488,889
1489,1489,410
1490,1490,149
1491,1491,784
1492,1492,1000
1493,1493,254
1494,1494,837
1495,1495,689
1496,1496,448
1497,1497,677
1498,1498,32
1499,1499,831
1500,1500,13
1501,1501,384
1502,1502,87
1503,1503,820
1504,1504,171
1505,1505,122
1506,1506,960
1507,1507,225
1508,1508,250
1509,1509,245
1510,1510,760
1511,1511,735
1512,1512,982
1513,1513,763
1514,1514,887
1515,1515,631
1516,1516,491
1517,1517,760
1518,1518,671
1519,1519,575
1520,1520,122
1521,1521,275
1522,1522,582
1523,1523,880
1524,1524,593
1525,1525,972
1526,1526,76
1527,1527,876
1528,1528,651
1529,1529,493
1530,1530,670
1531,1531,735
1532,1532,364
1533,1533,33
1534,1534,196
1535,1535,218
1536,1536,435
1537,1537,155
1538,1538,759
1539,1539,857
1540,1540,159
1541,1541,50
1542,1542,156
1543,1543,395
1544,1544,572
1545,1545,157
1546,1546,567
1547,1547,981
1548,1548,161
1549,1549,711
1550,1550,400
1551,1551,809
1552,1552,624
1553,1553,13
1554,1554,779
1555,1555,491
1556,1556,61
1557,1557,847
1558,1558,900
1559,1559,701
1560,1560,832
1561,1561,647
1562,1562,874
1563,1563,412
1564,1564,400
1565,1565,169
1566,1566,550
1567,1567,832
1568,1568,548
1569,1569,621
1570,1570,843
1571,1571,629
1572,1572,492
1573,1573,86
1574,1574,527
1575,1575,926
1576,1576,201
1577,1577,579
1578,1578,344
1579,1579,724
1580,1580,699
1581,1581,17
1582,1582,883
1583,1583,598
1584,1584,852
1585,1585,891
1586,1586,683
1587,1587,273
1588,1588,977
1589,1589,889
1590,1590,150
1591,1591,480
1592,1592,106
1593,1593,543
1594,1594,999
1595,1595,861
1596,1596,930
1597,1597,551
1598,1598,728
1599,1599,491
1600,1600,655
1601,1601,147
1602,1602,231
1603,1603,384
1604,1604,75
1605,1605,25
1606,1606,935
1607,1607,550
1608,1608,564
1609,1609,893
1610,1610,682
1611,1611,877
1612,1612,644
1613,1613,93
1614,1614,520
1615,1615,638
1616,1616,163
1617,1617,384
1618,1618,807
1619,1619,75
1620,1620,590
1621,1621,66
1622,1622,233
1623,1623,258
1624,1624,844
1625,1625,572
1626,1626,488
1627,1627,147
1628,1628,898
1629,1629,493
1630,1630,787
1631,1631,776
1632,1632,589
1633,1633,723
1634,1634,128
1635,1635,926
1636,1636,449
1637,1637,351
1638,1638,821
1639,1639,343
1640,1640,348
1641,1641,503
1642,1642,131
1643,1643,828
1644,1644,913
1645,1645,293
1646,1646,874
1647,1647,988
1648,1648,153
1649,1649,702
1650,1650,602
1651,1651,591
1652,1652,115
1653,1653,838
1654,1654,414
1655,1655,867
1656,1656,353
1657,1657,991
1658,1658,77
1659,1659,614
1660,1660,738
1661,1661,631
1662,1662,105
1663,1663,337
1664,1664,338
1665,1665,160
1666,1666,841
1667,1667,300
1668,1668,82
1669,1669,190
1670,1670,443
1671,1671,478
1672,1672,642
1673,1673,540
1674,1674,836
1675,1675,816
1676,1676,1
1677,1677,46
1678,1678,553
1679,1679,114
1680,1680,799
1681,1681,682
1682,1682,922
1683,1683,147
1684,1684,256
1685,1685,789
1686,1686,973
1687,1687,280
1688,1688,482
1689,1689,434
1690,1690,123
1691,1691,64
1692,1692,890
1693,1693,195
1694,1694,625
1695,1695,501
1696,1696,606
1697,1697,486
1698,1698,235
1699,1699,707
1700,1700,351
1701,1701,918
1702,1702,627
1703,1703,482
1704,1704,832
1705,1705,631
1706,1706,726
1707,1707,941
1708,1708,33
1709,1709,631
1710,1710,754
1711,1711,181
1712,1712,142
1713,1713,865
1714,1714,328
1715,1715,939
1716,1716,243
1717,1717,537
1718,1718,921
1719,1719,777
1720,1720,559
1721,1721,648
1722,1722,838
1723,1723,627
1724,1724,47
1725,1725,149
1726,1726,240
1727,1727,14
1728,1728,957
1729,1729,809
1730,1730,857
1731,1731,253
1732,1732,556
1733,1733,160
1734,1734,487
1735,1735,571
1736,1736,229
1737,1737,529
1738,1738,933
1739,1739,41
1740,1740,323
1741,1741,382
1742,1742,415
1743,1743,586
1744,1744,414
1745,1745,919
1746,1746,544
1747,1747,285
1748,1748,285
1749,1749,82
1750,1750,765
1751,1751,888
1752,1752,284
1753,1753,211
1754,1754,947
1755,1755,985
1756,1756,476
1757,1757,296
1758,1758,686
1759,1759,739
1760,1760,143
1761,1761,110
1762,1762,219
1763,1763,76
1764,1764,0
1765,1765,167
1766,1766,652
1767,1767,674
1768,1768,854
1769,1769,974
1770,1770,80
1771,1771,833
1772,1772,288
1773,1773,102
1774,1774,628
1775,1775,313
1776,1776,32
1777,1777,187
1778,1778,334
1779,1779,388
1780,1780,827
1781,1781,802
1782,1782,683
1783,1783,982
1784,1784,81
1785,1785,553
1786,1786,567
1787,1787,859
1788,1788,773
1789,1789,766
1790,1790,481
1791,1791,905
1792,1792,639
1793,1793,721
1794,1794,730
1795,1795,620
1796,1796,711
1797,1797,893
1798,1798,975
1799,1799,43
1800,1800,135
1801,1801,324
1802,1802,400
1803,1803,15
1804,1804,237
1805,1805,233
1806,1806,493
1807,1807,740
1808,1808,97
1809,1809,925
1810,1810,958
1811,1811,739
1812,1812,681
1813,1813,325
1814,1814,282
1815,1815,75
1816,1816,511
1817,1817,393
1818,1818,484
1819,1819,271
1820,1820,605
1821,1821,418
1822,1822,256
1823,1823,619
1824,1824,595
1825,1825,779
1826,1826,684
1827,1827,360
1828,1828,898
1829,1829,18
1830,1830,387
1831,1831,436
1832,1832,497
1833,1833,870
1834,1834,659
1835,1835,5
1836,1836,931
1837,1837,75
1838,1838,935
1839,1839,60
1840,1840,925
1841,1841,356
1842,1842,658
1843,1843,586
1844,1844,537
1845,1845,547
1846,1846,94
1847,1847,656
1848,1848,611
1849,1849,790
1850,1850,854
1851,1851,39
1852,1852,37
1853,1853,533
1854,1854,500
1855,1855,166
1856,1856,732
1857,1857,345
1858,1858,301
1859,1859,857
1860,1860,318
1861,1861,996
1862,1862,141
1863,1863,803
1864,1864,522
1865,1865,446
1866,1866,256
1867,1867,349
1868,1868,898
1869,1869,598
1870,1870,94
1871,1871,198
1872,1872,754
1873,1873,455
1874,1874,457
1875,1875,488
1876,1876,533
1877,1877,529
1878,1878,272
1879,1879,472
1880,1880,428
1881,1881,799
1882,1882,665
1883,1883,632
1884,1884,787
1885,1885,916
1886,1886,135
1887,1887,360
1888,1888,726
1889,1889,555
1890,1890,548
1891,1891,889
1892,1892,120
1893,1893,892
1894,1894,66
1895,1895,73
1896,1896,77
1897,1897,676
1898,1898,645
1899,1899,825
1900,1900,149
1901,1901,780
1902,1902,258
1903,1903,987
1904,1904,199
1905,1905,135
1906,1906,736
1907,1907,473
1908,1908,386
1909,1909,823
1910,1910,547
1911,1911,336
1912,1912,875
1913,1913,341
1914,1914,22
1915,1915,844
1916,1916,797
1917,1917,853
1918,1918,488
1919,1919,846
1920,1920,970
1921,1921,18
1922,1922,851
1923,1923,970
1924,1924,392
1925,1925,126
1926,1926,712
1927,1927,820
1928,1928,552
1929,1929,460
1930,1930,846
1931,1931,489
1932,1932,91
1933,1933,505
1934,1934,344
1935,1935,876
1936,1936,746
1937,1937,998
1938,1938,628
1939,1939,921
1940,1940,495
1941,1941,55
1942,1942,264
1943,1943,130
1944,1944,435
1945,1945,663
1946,1946,192
1947,1947,817
1948,1948,429
1949,1949,99
1950,1950,821
1951,1951,43
1952,1952,965
1953,1953,840
1954,1954,903
1955,1955,180
1956,1956,624
1957,1957,311
1958,1958,747
1959,1959,737
1960,1960,412
1961,1961,934
1962,1962,166
1963,1963,921
1964,1964,604
1965,1965,314
1966,1966,447
1967,1967,970
1968,1968,401
1969,1969,570
1970,1970,482
1971,1971,582
1972,1972,979
1973,1973,754
1974,1974,291
1975,1975,185
1976,1976,956
1977,1977,865
1978,1978,781
1979,1979,616
1980,1980,980
1981,1981,910
1982,1982,150
1983,1983,598
1984,1984,586
1985,1985,825
1986,1986,812
1987,1987,46
1988,1988,870
1989,1989,640
1990,1990,254
1991,1991,173
1992,1992,141
1993,1993,730
1994,1994,166
1995,1995,66
1996,1996,782
1997,1997,237
1998,1998,373
1999,1999,953
2000,2000,698
2001,2001,128
2002,2002,918
2003,2003,982
2004,2004,593
2005,2005,149
2006,2006,71
2007,2007,209
2008,2008,322
2009,2009,742
2010,2010,242
2011,2011,430
2012,2012,902
2013,2013,454
2014,2014,62
2015,2015,566
2016,2016,658
2017,2017,182
2018,2018,245
2019,2019,287
2020,2020,624
2021,2021,908
2022,2022,687
2023,2023,708
2024,2024,555
2025,2025,45
2026,2026,815
2027,2027,55
2028,2028,622
2029,2029,334
2030,2030,177
2031,2031,456
2032,2032,747
2033,2033,813
2034,2034,425
2035,2035,619
2036,2036,550
2037,2037,98
2038,2038,184
2039,2039,176
2040,2040,542
2041,2041,575
2042,2042,714
2043,2043,764
2044,2044,223
2045,2045,407
2046,2046,726
2047,2047,431
2048,2048,747
2049,2049,990
2050,2050,492
2051,2051,433
2052,2052,556
2053,2053,154
2054,2054,196
2055,2055,455
2056,2056,333
2057,2057,377
2058,2058,542
2059,2059,344
2060,2060,98
2061,2061,536
2062,2062,77
2063,2063,566
2064,2064,22
2065,2065,675
2066,2066,438
2067,2067,386
2068,2068,53
2069,2069,318
2070,2070,996
2071,2071,744
2072,2072,82
2073,2073,922
2074,2074,641
2075,2075,810
2076,2076,116
2077,2077,574
2078,2078,416
2079,2079,781
2080,2080,570
2081,2081,280
2082,2082,607
2083,2083,325
2084,2084,928
2085,2085,864
2086,2086,482
2087,2087,115
2088,2088,209
2089,2089,423
2090,2090,662
2091,2091,767
2092,2092,624
2093,2093,953
2094,2094,196
2095,2095,137
2096,2096,976
2097,2097,401
2098,2098,266
2099,2099,825
2100,2100,342
2101,2101,170
2102,2102,217
2103,2103,596
2104,2104,528
2105,2105,737
2106,2106,705
2107,2107,622
2108,2108,932
2109,2109,80
2110,2110,462
2111,2111,151
2112,2112,379
2113,2113,776
2114,2114,907
2115,2115,971
2116,2116,641
2117,2117,835
2118,2118,698
2119,2119,190
2120,2120,628
2121,2121,2
2122,2122,546
2123,2123,502
2124,2124,69
2125,2125,150
2126,2126,927
2127,2127,218
2128,2128,606
2129,2129,830
2130,2130,591
2131,2131,207
2132,2132,758
2133,2133,858
2134,2134,11
2135,2135,253
2136,2136,916
2137,2137,923
2138,2138,250
2139,2139,896
2140,2140,149
2141,2141,63
2142,2142,287
2143,2143,268
2144,2144,283
2145,2145,53
2146,2146,397
2147,2147,92
2148,2148,875
2149,2149,864
2150,2150,415
2151,2151,550
2152,2152,933
2153,2153,522
2154,2154,989
2155,2155,798
2156,2156,850
2157,2157,412
2158,2158,333
2159,2159,2
2160,2160,904
2161,2161,593
2162,2162,198
2163,2163,698
2164,2164,572
2165,2165,195
2166,2166,524
2167,2167,767
2168,2168,246
2169,2169,757
2170,2170,853
2171,2171,179
2172,2172,180
2173,2173,466
2174,2174,716
2175,2175,260
2176,2176,237
2177,2177,632
2178,2178,272
2179,2179,703
2180,2180,92
2181,2181,691
2182,2182,964
2183,2183,340
2184,2184,666
2185,2185,2
2186,2186,105
2187,2187,740
2188,2188,830
2189,2189,480
2190,2190,898
2191,2191,313
2192,2192,132
2193,2193,417
2194,2194,506
2195,2195,732
2196,2196,509
2197,2197,678
2198,2198,455
2199,2199,739
2200,2200,651
2201,2201,781
2202,2202,217
2203,2203,691
2204,2204,999
2205,2205,342
2206,2206,228
2207,2207,592
2208,2208,0
2209,2209,114
2210,2210,675
2211,2211,835
2212,2212,539
2213,2213,642
2214,2214,768
2215,2215,504
2216,2216,77
2217,2217,170
2218,2218,203
2219,2219,196
2220,2220,339
2221,2221,374
2222,2222,580
2223,2223,128
2224,2224,378
2225,2225,948
2226,2226,963
2227,2227,744
2228,2228,283
2229,2229,125
2230,2230,414
2231,2231,155
2232,2232,891
2233,2233,676
2234,2234,734
2235,2235,247
2236,2236,654
2237,2237,948
2238,2238,746
2239,2239,662
2240,2240,497
2241,2241,975
2242,2242,512
2243,2243,729
2244,2244,957
2245,2245,308
2246,2246,950
2247,2247,881
2248,2248,288
2249,2249,86
2250,2250,451
2251,2251,485
2252,2252,563
2253,2253,120
2254,2254,171
2255,2255,468
2256,2256,439
2257,2257,584
2258,2258,67
2259,2259,840
2260,2260,857
2261,2261,379
2262,2262,30
2263,2263,610
2264,2264,503
2265,2265,10
2266,2266,87
2267,2267,37
2268,2268,617
2269,2269,258
2270,2270,494
2271,2271,553
2272,2272,441
2273,2273,590
2274,2274,730
2275,2275,71
2276,2276,107
2277,2277,838
2278,2278,285
2279,2279,906
2280,2280,152
2281,2281,478
2282,2282,759
2283,2283,424
2284,2284,969
2285,2285,595
2286,2286,157
2287,2287,108
2288,2288,589
2289,2289,118
2290,2290,558
2291,2291,408
2292,2292,651
2293,2293,383
2294,2294,977
2295,2295,607
2296,2296,970
2297,2297,509
2298,2298,162
2299,2299,44
2300,2300,117
2301,2301,217
2302,2302,657
2303,2303,174
2304,2304,224
2305,2305,385
2306,2306,680
2307,2307,637
2308,2308,859
2309,2309,345
2310,2310,655
2311,2311,108
2312,2312,667
2313,2313,594
2314,2314,878
2315,2315,889
2316,2316,532
2317,2317,2
2318,2318,587
2319,2319,1000
2320,2320,296
2321,2321,317
2322,2322,990
2323,2323,316
2324,2324,688
2325,2325,911
2326,2326,643
2327,2327,99
2328,2328,468
2329,2329,109
2330,2330,213
2331,2331,642
2332,2332,977
2333,2333,453
2334,2334,52
2335,2335,116
2336,2336,740
2337,2337,538
2338,2338,428
2339,2339,503
2340,2340,845
2341,2341,289
2342,2342,244
2343,2343,972
2344,2344,909
2345,2345,283
2346,2346,570
2347,2347,917
2348,2348,531
2349,2349,893
2350,2350,985
2351,2351,37
2352,2352,663
2353,2353,731
2354,2354,267
2355,2355,83
2356,2356,996
2357,2357,743
2358,2358,394
2359,2359,40
2360,2360,303
2361,2361,579
2362,2362,773
2363,2363,565
2364,2364,672
2365,2365,662
2366,2366,739
2367,2367,59
2368,2368,145
2369,2369,486
2370,2370,194
2371,2371,699
2372,2372,34
2373,2373,514
2374,2374,393
2375,2375,0
2376,2376,236
2377,2377,828
2378,2378,840
2379,2379,176
2380,2380,536
2381,2381,881
2382,2382,483
2383,2383,549
2384,2384,867
2385,2385,813
2386,2386,973
2387,2387,91
2388,2388,23
2389,2389,910
2390,2390,683
2391,2391,284
2392,2392,71
2393,2393,329
2394,2394,354
2395,2395,303
2396,2396,748
2397,2397,154
2398,2398,476
2399,2399,568
2400,2400,183
2401,2401,747
2402,2402,339
2403,2403,276
2404,2404,868
2405,2405,390
2406,2406,389
2407,2407,702
2408,2408,842
2409,2409,784
2410,2410,427
2411,2411,145
2412,2412,36
2413,2413,773
2414,2414,716
2415,2415,646
2416,2416,233
2417,2417,63
2418,2418,803
2419,2419,945
2420,2420,32
2421,2421,389
2422,2422,883
2423,2423,977
2424,2424,667
2425,2425,644
2426,2426,784
2427,2427,856
2428,2428,461
2429,2429,563
2430,2430,193
2431,2431,202
2432,2432,926
2433,2433,673
2434,2434,437
2435,2435,509
2436,2436,752
2437,2437,760
2438,2438,875
2439,2439,200
2440,2440,685
2441,2441,386
2442,2442,346
2443,2443,954
2444,2444,204
2445,2445,896
2446,2446,840
2447,2447,875
2448,2448,818
2449,2449,514
2450,2450,63
2451,2451,457
2452,2452,468
2453,2453,630
2454,2454,229
2455,2455,413
2456,2456,722
2457,2457,48
2458,2458,226
2459,2459,304
2460,2460,718
2461,2461,5
2462,2462,343
2463,2463,229
2464,2464,788
2465,2465,4
2466,2466,490
2467,2467,172
2468,2468,380
2469,2469,550
2470,2470,625
2471,2471,164
2472,2472,976
2473,2473,615
2474,2474,45
2475,2475,684
2476,2476,319
2477,2477,528
2478,2478,640
2479,2479,814
2480,2480,109
2481,2481,202
2482,2482,912
2483,2483,724
2484,2484,290
2485,2485,282
2486,2486,554
2487,2487,528
2488,2488,168
2489,2489,86
2490,2490,468
2491,2491,238
2492,2492,443
2493,2493,829
2494,2494,719
2495,2495,873
2496,2496,77
2497,2497,587
2498,2498,752
2499,2499,596
2500,2500,895
2501,2501,592
2502,2502,991
2503,2503,959
2504,2504,603
2505,2505,385
2506,2506,540
2507,2507,537
2508,2508,591
2509,2509,236
2510,2510,766
2511,2511,211
2512,2512,555
2513,2513,947
2514,2514,139
2515,2515,917
2516,2516,312
2517,2517,937
2518,2518,743
2519,2519,771
2520,2520,859
2521,2521,562
2522,2522,719
2523,2523,168
2524,2524,267
2525,2525,147
2526,2526,29
2527,2527,936
2528,2528,890
2529,2529,613
2530,2530,89
2531,2531,224
2532,2532,488
2533,2533,146
2534,2534,211
2535,2535,720
2536,2536,224
2537,2537,351
2538,2538,648
2539,2539,412
2540,2540,686
2541,2541,936
2542,2542,432
2543,2543,898
2544,2544,406
2545,2545,848
2546,2546,653
2547,2547,464
2548,2548,763
2549,2549,279
2550,2550,418
2551,2551,849
2552,2552,890
2553,2553,154
2554,2554,126
2555,2555,152
2556,2556,443
2557,2557,95
2558,2558,671
2559,2559,489
2560,2560,169
2561,2561,342
2562,2562,607
2563,2563,741
2564,2564,73
2565,2565,995
2566,2566,612
2567,2567,130
2568,2568,725
2569,2569,61
2570,2570,918
2571,2571,731
2572,2572,149
2573,2573,585
2574,2574,626
2575,2575,921
2576,2576,502
2577,2577,194
2578,2578,484
2579,2579,336
2580,2580,53
2581,2581,185
2582,2582,919
2583,2583,591
2584,2584,295
2585,2585,548
2586,2586,116
2587,2587,433
2588,2588,639
2589,2589,548
2590,2590,526
2591,2591,640
2592,2592,551
2593,2593,739
2594,2594,12
2595,2595,663
2596,2596,932
2597,2597,56
2598,2598,607
2599,2599,459
2600,2600,929
2601,2601,77
2602,2602,147
2603,2603,420
2604,2604,272
2605,2605,553
2606,2606,758
2607,2607,236
2608,2608,934
2609,2609,423
2610,2610,176
2611,2611,462
2612,2612,289
2613,2613,335
2614,2614,711
2615,2615,663
2616,2616,974
2617,2617,696
2618,2618,771
2619,2619,838
2620,2620,565
2621,2621,940
2622,2622,833
2623,2623,744
2624,2624,867
2625,2625,550
2626,2626,854
2627,2627,812
2628,2628,18
2629,2629,272
2630,2630,764
2631,2631,206
2632,2632,77
2633,2633,271
2634,2634,995
2635,2635,300
2636,2636,428
2637,2637,490
2638,2638,377
2639,2639,803
2640,2640,455
2641,2641,251
2642,2642,532
2643,2643,505
2644,2644,629
2645,2645,178
2646,2646,710
2647,2647,949
2648,2648,941
2649,2649,920
2650,2650,984
2651,2651,522
2652,2652,729
2653,2653,348
2654,2654,965
2655,2655,359
2656,2656,505
2657,2657,356
2658,2658,909
2659,2659,341
2660,2660,382
2661,2661,849
2662,2662,0
2663,2663,598
2664,2664,421
2665,2665,941
2666,2666,140
2667,2667,960
2668,2668,308
2669,2669,742
2670,2670,139
2671,2671,805
2672,2672,579
2673,2673,157
2674,2674,996
2675,2675,649
2676,2676,996
2677,2677,809
2678,2678,286
2679,2679,497
2680,2680,407
2681,2681,401
2682,2682,367
2683,2683,238
2684,2684,991
2685,2685,60
2686,2686,24
2687,2687,32
2688,2688,734
2689,2689,751
2690,2690,837
2691,2691,186
2692,2692,580
2693,2693,176
2694,2694,314
2695,2695,627
2696,2696,493
2697,2697,350
2698,2698,392
2699,2699,708
2700,2700,388
2701,2701,854
2702,2702,183
2703,2703,276
2704,2704,51
2705,2705,652
2706,2706,897
2707,2707,315
2708,2708,820
2709,2709,952
2710,2710,613
2711,2711,635
2712,2712,248
2713,2713,80
2714,2714,608
2715,2715,303
2716,2716,514
2717,2717,200
2718,2718,144
2719,2719,297
2720,2720,996
2721,2721,879
2722,2722,409
2723,2723,911
2724,2724,801
2725,2725,668
2726,2726,653
2727,2727,755
2728,2728,407
2729,2729,34
2730,2730,28
2731,2731,805
2732,2732,48
2733,2733,7
2734,2734,246
2735,2735,58
2736,2736,432
2737,2737,96
2738,2738,603
2739,2739,211
2740,2740,737
2741,2741,153
2742,2742,284
2743,2743,119
2744,2744,991
2745,2745,564
2746,2746,919
2747,2747,279
2748,2748,623
2749,2749,532
2750,2750,121
2751,2751,260
2752,2752,874
2753,2753,723
2754,2754,14
2755,2755,644
2756,2756,53
2757,2757,960
2758,2758,371
2759,2759,923
2760,2760,652
2761,2761,354
2762,2762,352
2763,2763,682
2764,2764,874
2765,2765,4
2766,2766,364
2767,2767,86
2768,2768,193
2769,2769,95
2770,2770,467
2771,2771,364
2772,2772,553
2773,2773,281
2774,2774,988
2775,2775,950
2776,2776,51
2777,2777,811
2778,2778,321
2779,2779,109
2780,2780,107
2781,2781,836
2782,2782,832
2783,2783,879
2784,2784,945
2785,2785,873
2786,2786,952
2787,2787,110
2788,2788,5
2789,2789,123
2790,2790,387
2791,2791,139
2792,2792,700
2793,2793,896
2794,2794,355
2795,2795,824
2796,2796,292
2797,2797,560
2798,2798,200
2799,2799,907
2800,2800,121
2801,2801,24
2802,2802,471
2803,2803,648
2804,2804,550
2805,2805,82
2806,2806,443
2807,2807,548
2808,2808,465
2809,2809,713
2810,2810,503
2811,2811,681
2812,2812,281
2813,2813,756
2814,2814,608
2815,2815,528
2816,2816,969
2817,2817,658
2818,2818,880
2819,2819,432
2820,2820,66
2821,2821,411
2822,2822,826
2823,2823,882
2824,2824,280
2825,2825,68
2826,2826,623
2827,2827,751
2828,2828,181
2829,2829,567
2830,2830,419
2831,2831,371
2832,2832,837
2833,2833,865
2834,2834,811
2835,2835,929
2836,2836,199
2837,2837,671
2838,2838,784
2839,2839,105
2840,2840,943
2841,2841,55
2842,2842,413
2843,2843,749
2844,2844,768
2845,2845,526
2846,2846,496
2847,2847,770
2848,2848,870
2849,2849,634
2850,2850,16
2851,2851,154
2852,2852,129
2853,2853,736
2854,2854,692
2855,2855,882
2856,2856,914
2857,2857,786
2858,2858,45
2859,2859,641
2860,2860,408
2861,2861,976
2862,2862,616
2863,2863,693
2864,2864,83
2865,2865,522
2866,2866,616
2867,2867,1
2868,2868,260
2869,2869,272
2870,2870,278
2871,2871,314
2872,2872,976
2873,2873,570
2874,2874,96
2875,2875,122
2876,2876,478
2877,2877,905
2878,2878,950
2879,2879,111
2880,2880,604
2881,2881,550
2882,2882,15
2883,2883,584
2884,2884,804
2885,2885,846
2886,2886,336
2887,2887,391
2888,2888,489
2889,2889,395
2890,2890,515
2891,2891,372
2892,2892,908
2893,2893,395
2894,2894,768
2895,2895,441
2896,2896,336
2897,2897,102
2898,2898,104
2899,2899,430
2900,2900,636
2901,2901,667
2902,2902,652
2903,2903,227
2904,2904,966
2905,2905,167
2906,2906,385
2907,2907,400
2908,2908,320
2909,2909,959
2910,2910,997
2911,2911,717
2912,2912,720
2913,2913,545
2914,2914,749
2915,2915,213
2916,2916,822
2917,2917,127
2918,2918,355
2919,2919,159
2920,2920,884
2921,2921,936
2922,2922,466
2923,2923,371
2924,2924,814
2925,2925,703
2926,2926,70
2927,2927,90
2928,2928,15
2929,2929,682
2930,2930,371
2931,2931,731
2932,2932,620
2933,2933,155
2934,2934,23
2935,2935,498
2936,2936,706
2937,2937,485
2938,2938,315
2939,2939,386
2940,2940,144
2941,2941,377
2942,2942,210
2943,2943,137
2944,2944,414
2945,2945,472
2946,2946,972
2947,2947,511
2948,2948,906
2949,2949,224
2950,2950,876
2951,2951,944
2952,2952,834
2953,2953,768
2954,2954,430
2955,2955,300
2956,2956,214
2957,2957,268
2958,2958,45
2959,2959,710
2960,2960,258
2961,2961,222
2962,2962,479
2963,2963,479
2964,2964,713
2965,2965,62
2966,2966,792
2967,2967,238
2968,2968,361
2969,2969,412
2970,2970,944
2971,2971,274
2972,2972,828
2973,2973,521
2974,2974,872
2975,2975,500
2976,2976,270
2977,2977,887
2978,2978,504
2979,2979,929
2980,2980,189
2981,2981,958
2982,2982,454
2983,2983,289
2984,2984,718
2985,2985,30
2986,2986,328
2987,2987,169
2988,2988,354
2989,2989,591
2990,2990,560
2991,2991,158
2992,2992,155
2993,2993,996
2994,2994,724
2995,2995,309
2996,2996,426
2997,2997,800
2998,2998,121
2999,2999,625
3000,3000,269
3001,3001,744
3002,3002,466
3003,3003,441
3004,3004,469
3005,3005,718
3006,3006,658
3007,3007,922
3008,3008,485
3009,3009,476
3010,3010,588
3011,3011,15
3012,3012,676
3013,3013,556
3014,3014,260
3015,3015,350
3016,3016,969
3017,3017,489
3018,3018,938
3019,3019,53
3020,3020,697
3021,3021,26
3022,3022,299
3023,3023,756
3024,3024,750
3025,3025,3
3026,3026,156
3027,3027,653
3028,3028,837
3029,3029,249
3030,3030,959
3031,3031,213
3032,3032,947
3033,3033,426
3034,3034,962
3035,3035,780
3036,3036,419
3037,3037,82
3038,3038,560
3039,3039,311
3040,3040,991
3041,3041,703
3042,3042,784
3043,3043,322
3044,3044,4
3045,3045,546
3046,3046,270
3047,3047,65
3048,3048,436
3049,3049,602
3050,3050,751
3051,3051,9
3052,3052,829
3053,3053,66
3054,3054,888
3055,3055,286
3056,3056,520
3057,3057,606
3058,3058,208
3059,3059,515
3060,3060,233
3061,3061,488
3062,3062,934
3063,3063,22
3064,3064,29
3065,3065,565
3066,3066,554
3067,3067,392
3068,3068,840
3069,3069,562
3070,3070,102
3071,3071,31
3072,3072,63
3073,3073,792
3074,3074,760
3075,3075,237
3076,3076,249
3077,3077,495
3078,3078,97
3079,3079,459
3080,3080,181
3081,3081,1
3082,3082,291
3083,3083,26
3084,3084,203
3085,3085,985
3086,3086,375
3087,3087,449
3088,3088,515
3089,3089,285
3090,3090,386
3091,3091,903
3092,3092,222
3093,3093,100
3094,3094,453
3095,3095,309
3096,3096,517
3097,3097,592
3098,3098,521
3099,3099,118
3100,3100,261
3101,3101,814
3102,3102,82
3103,3103,702
3104,3104,676
3105,3105,98
3106,3106,82
3107,3107,55
3108,3108,252
3109,3109,920
3110,3110,469
3111,3111,228
3112,3112,220
3113,3113,513
3114,3114,311
3115,3115,798
3116,3116,495
3117,3117,12
3118,3118,710
3119,3119,215
3120,3120,934
3121,3121,976
3122,3122,556
3123,3123,499
3124,3124,232
3125,3125,361
3126,3126,250
3127,3127,948
3128,3128,738
3129,3129,51
3130,3130,32
3131,3131,270
3132,3132,765
3133,3133,468
3134,3134,566
3135,3135,8
3136,3136,431
3137,3137,539
3138,3138,559
3139,3139,912
3140,3140,214
3141,3141,242
3142,3142,702
3143,3143,306
3144,3144,909
3145,3145,412
3146,3146,835
3147,3147,992
3148,3148,821
3149,3149,331
3150,3150,488
3151,3151,934
3152,3152,765
3153,3153,896
3154,3154,203
3155,3155,33
3156,3156,991
3157,3157,740
3158,3158,72
3159,3159,577
3160,3160,466
3161,3161,980
3162,3162,931
3163,3163,238
3164,3164,780
3165,3165,569
3166,3166,647
3167,3167,826
3168,3168,971
3169,3169,651
3170,3170,609
3171,3171,754
3172,3172,513
3173,3173,141
3174,3174,355
3175,3175,430
3176,3176,729
3177,3177,245
3178,3178,415
3179,3179,442
3180,3180,306
3181,3181,645
3182,3182,32
3183,3183,709
3184,3184,714
3185,3185,464
3186,3186,39
3187,3187,492
3188,3188,767
3189,3189,883
3190,3190,346
3191,3191,537
3192,3192,799
3193,3193,397
3194,3194,588
3195,3195,828
3196,3196,274
3197,3197,247
3198,3198,234
3199,3199,145
3200,3200,521
3201,3201,712
3202,3202,150
3203,3203,342
3204,3204,301
3205,3205,677
3206,3206,598
3207,3207,925
3208,3208,187
3209,3209,636
3210,3210,347
3211,3211,295
3212,3212,184
3213,3213,151
3214,3214,482
3215,3215,288
3216,3216,244
3217,3217,992
3218,3218,19
3219,3219,996
3220,3220,510
3221,3221,943
3222,3222,670
3223,3223,284
3224,3224,727
3225,3225,460
3226,3226,930
3227,3227,931
3228,3228,924
3229,3229,53
3230,3230,130
3231,3231,94
3232,3232,23
3233,3233,18
3234,3234,535
3235,3235,896
3236,3236,640
3237,3237,321
3238,3238,369
3239,3239,757
3240,3240,336
3241,3241,366
3242,3242,102
3243,3243,542
3244,3244,867
3245,3245,21
3246,3246,742
3247,3247,585
3248,3248,452
3249,3249,930
3250,3250,239
3251,3251,40
3252,3252,253
3253,3253,191
3254,3254,521
3255,3255,644
3256,3256,481
3257,3257,674
3258,3258,124
3259,3259,20
3260,3260,362
3261,3261,313
3262,3262,148
3263,3263,84
3264,3264,580
3265,3265,238
3266,3266,238
3267,3267,816
3268,3268,59
3269,3269,487
3270,3270,782
3271,3271,929
3272,3272,623
3273,3273,913
3274,3274,71
3275,3275,40
3276,3276,766
3277,3277,300
3278,3278,590
3279,3279,700
3280,3280,827
3281,3281,887
3282,3282,474
3283,3283,484
3284,3284,42
3285,3285,444
3286,3286,179
3287,3287,430
3288,3288,385
3289,3289,561
3290,3290,78
3291,3291,981
3292,3292,528
3293,3293,446
3294,3294,159
3295,3295,247
3296,3296,653
3297,3297,485
3298,3298,321
3299,3299,188
3300,3300,50
3301,3301,353
3302,3302,399
3303,3303,528
3304,3304,393
3305,3305,480
3306,3306,730
3307,3307,842
3308,3308,549
3309,3309,804
3310,3310,944
3311,3311,52
3312,3312,999
3313,3313,925
3314,3314,963
3315,3315,671
3316,3316,652
3317,3317,523
3318,3318,332
3319,3319,229
3320,3320,939
3321,3321,878
3322,3322,144
3323,3323,75
3324,3324,907
3325,3325,813
3326,3326,913
3327,3327,957
3328,3328,292
3329,3329,531
3330,3330,699
3331,3331,687
3332,3332,363
3333,3333,644
3334,3334,828
3335,3335,398
3336,3336,802
3337,3337,935
3338,3338,96
3339,3339,251
3340,3340,490
3341,3341,18
3342,3342,660
3343,3343,10
3344,3344,658
3345,3345,174
3346,3346,512
3347,3347,248
3348,3348,549
3349,3349,464
3350,3350,839
3351,3351,500
3352,3352,666
3353,3353,358
3354,3354,436
3355,3355,614
3356,3356,408
3357,3357,404
3358,3358,939
3359,3359,821
3360,3360,311
3361,3361,161
3362,3362,285
3363,3363,283
3364,3364,878
3365,3365,696
3366,3366,726
3367,3367,694
3368,3368,699
3369,3369,836
3370,3370,807
3371,3371,555
3372,3372,23
3373,3373,0
3374,3374,411
3375,3375,22
3376,3376,465
3377,3377,337
3378,3378,608
3379,3379,547
3380,3380,75
3381,3381,615
3382,3382,184
3383,3383,803
3384,3384,169
3385,3385,105
3386,3386,495
3387,3387,451
3388,3388,202
3389,3389,330
3390,3390,613
3391,3391,631
3392,3392,113
3393,3393,499
3394,3394,645
3395,3395,560
3396,3396,806
3397,3397,176
3398,3398,435
3399,3399,145
3400,3400,446
3401,3401,504
3402,3402,742
3403,3403,469
3404,3404,55
3405,3405,492
3406,3406,56
3407,3407,947
3408,3408,899
3409,3409,967
3410,3410,167
3411,3411,970
3412,3412,564
3413,3413,322
3414,3414,773
3415,3415,271
3416,3416,996
3417,3417,668
3418,3418,831
3419,3419,313
3420,3420,168
3421,3421,325
3422,3422,315
3423,3423,654
3424,3424,852
3425,3425,332
3426,3426,94
3427,3427,410
3428,3428,988
3429,3429,141
3430,3430,878
3431,3431,482
3432,3432,95
3433,3433,794
3434,3434,592
3435,3435,298
3436,3436,505
3437,3437,37
3438,3438,9
3439,3439,670
3440,3440,221
3441,3441,13
3442,3442,915
3443,3443,535
3444,3444,617
3445,3445,726
3446,3446,712
3447,3447,221
3448,3448,708
3449,3449,2
3450,3450,713
3451,3451,287
3452,3452,853
3453,3453,255
3454,3454,170
3455,3455,110
3456,3456,74
3457,3457,485
3458,3458,233
3459,3459,252
3460,3460,481
3461,3461,111
3462,3462,669
3463,3463,449
3464,3464,743
3465,3465,620
3466,3466,507
3467,3467,330
3468,3468,36
3469,3469,14
3470,3470,199
3471,3471,642
3472,3472,994
3473,3473,42
3474,3474,682
3475,3475,219
3476,3476,44
3477,3477,766
3478,3478,349
3479,3479,111
3480,3480,214
3481,3481,333
3482,3482,466
3483,3483,788
3484,3484,939
3485,3485,868
3486,3486,581
3487,3487,54
3488,3488,229
3489,3489,286
3490,3490,823
3491,3491,830
3492,3492,903
3493,3493,758
3494,3494,771
3495,3495,885
3496,3496,508
3497,3497,661
3498,3498,782
3499,3499,729
3500,3500,453
3501,3501,934
3502,3502,226
3503,3503,573
3504,3504,18
3505,3505,954
3506,3506,386
3507,3507,99
3508,3508,88
3509,3509,996
3510,3510,47
3511,3511,802
3512,3512,399
3513,3513,693
3514,3514,947
3515,3515,802
3516,3516,607
3517,3517,955
3518,3518,127
3519,3519,572
3520,3520,183
3521,3521,115
3522,3522,36
3523,3523,301
3524,3524,617
3525,3525,647
3526,3526,654
3527,3527,701
3528,3528,721
3529,3529,878
3530,3530,963
3531,3531,847
3532,3532,439
3533,3533,869
3534,3534,502
3535,3535,697
3536,3536,906
3537,3537,835
3538,3538,839
3539,3539,21
3540,3540,95
3541,3541,240
3542,3542,276
3543,3543,657
3544,3544,460
3545,3545,259
3546,3546,612
3547,3547,750
3548,3548,352
3549,3549,876
3550,3550,509
3551,3551,674
3552,3552,69
3553,3553,201
3554,3554,628
3555,3555,522
3556,3556,507
3557,3557,116
3558,3558,483
3559,3559,951
3560,3560,30
3561,3561,281
3562,3562,407
3563,3563,146
3564,3564,470
3565,3565,116
3566,3566,975
3567,3567,606
3568,3568,95
3569,3569,751
3570,3570,569
3571,3571,235
3572,3572,543
3573,3573,315
3574,3574,863
3575,3575,510
3576,3576,690
3577,3577,422
3578,3578,601
3579,3579,542
3580,3580,775
3581,3581,506
3582,3582,244
3583,3583,426
3584,3584,39
3585,3585,622
3586,3586,238
3587,3587,466
3588,3588,636
3589,3589,848
3590,3590,188
3591,3591,847
3592,3592,517
3593,3593,143
3594,3594,427
3595,3595,955
3596,3596,735
3597,3597,570
3598,3598,46
3599,3599,762
3600,3600,667
3601,3601,314
3602,3602,692
3603,3603,822
3604,3604,371
3605,3605,630
3606,3606,596
3607,3607,634
3608,3608,313
3609,3609,233
3610,3610,727
3611,3611,631
3612,3612,512
3613,3613,999
3614,3614,706
3615,3615,782
3616,3616,669
3617,3617,866
3618,3618,411
3619,3619,414
3620,3620,501
3621,3621,308
3622,3622,401
3623,3623,235
3624,3624,928
3625,3625,62
3626,3626,331
3627,3627,765
3628,3628,280
3629,3629,444
3630,3630,492
3631,3631,464
3632,3632,826
3633,3633,471
3634,3634,742
3635,3635,914
3636,3636,393
3637,3637,92
3638,3638,703
3639,3639,720
3640,3640,834
3641,3641,97
3642,3642,168
3643,3643,994
3644,3644,6
3645,3645,520
3646,3646,301
3647,3647,648
3648,3648,839
3649,3649,285
3650,3650,926
3651,3651,886
3652,3652,877
3653,3653,867
3654,3654,185
3655,3655,158
3656,3656,566
3657,3657,491
3658,3658,871
3659,3659,690
3660,3660,784
3661,3661,406
3662,3662,13
3663,3663,773
3664,3664,300
3665,3665,723
3666,3666,779
3667,3667,596
3668,3668,805
3669,3669,99
3670,3670,536
3671,3671,947
3672,3672,359
3673,3673,777
3674,3674,529
3675,3675,342
3676,3676,289
3677,3677,157
3678,3678,884
3679,3679,599
3680,3680,607
3681,3681,419
3682,3682,429
3683,3683,262
3684,3684,185
3685,3685,808
3686,3686,105
3687,3687,663
3688,3688,299
3689,3689,108
3690,3690,30
3691,3691,358
3692,3692,117
3693,3693,348
3694,3694,746
3695,3695,698
3696,3696,191
3697,3697,706
3698,3698,871
3699,3699,827
3700,3700,991
3701,3701,303
3702,3702,269
3703,3703,907
3704,3704,577
3705,3705,912
3706,3706,319
3707,3707,485
3708,3708,939
3709,3709,501
3710,3710,970
3711,3711,217
3712,3712,845
3713,3713,687
3714,3714,161
3715,3715,263
3716,3716,538
3717,3717,360
3718,3718,967
3719,3719,501
3720,3720,329
3721,3721,840
3722,3722,276
3723,3723,351
3724,3724,319
3725,3725,116
3726,3726,850
3727,3727,148
3728,3728,933
3729,3729,299
3730,3730,751
3731,3731,389
3732,3732,774
3733,3733,418
3734,3734,636
3735,3735,151
3736,3736,389
3737,3737,848
3738,3738,241
3739,3739,858
3740,3740,138
3741,3741,245
3742,3742,100
3743,3743,610
3744,3744,903
3745,3745,352
3746,3746,61
3747,3747,984
3748,3748,88
3749,3749,943
3750,3750,432
3751,3751,489
3752,3752,127
3753,3753,6
3754,3754,98
3755,3755,69
3756,3756,325
3757,3757,353
3758,3758,397
3759,3759,805
3760,3760,815
3761,3761,17
3762,3762,556
3763,3763,806
3764,3764,168
3765,3765,989
3766,3766,710
3767,3767,928
3768,3768,528
3769,3769,928
3770,3770,461
3771,3771,190
3772,3772,736
3773,3773,838
3774,3774,288
3775,3775,227
3776,3776,539
3777,3777,124
3778,3778,944
3779,3779,478
3780,3780,554
3781,3781,479
3782,3782,971
3783,3783,338
3784,3784,385
3785,3785,663
3786,3786,803
3787,3787,386
3788,3788,206
3789,3789,214
3790,3790,690
3791,3791,627
3792,3792,13
3793,3793,286
3794,3794,865
3795,3795,426
3796,3796,815
3797,3797,189
3798,3798,836
3799,3799,319
3800,3800,4
3801,3801,320
3802,3802,351
3803,3803,965
3804,3804,25
3805,3805,872
3806,3806,36
3807,3807,978
3808,3808,245
3809,3809,317
3810,3810,382
3811,3811,726
3812,3812,837
3813,3813,82
3814,3814,96
3815,3815,89
3816,3816,856
3817,3817,867
3818,3818,507
3819,3819,521
3820,3820,971
3821,3821,980
3822,3822,38
3823,3823,336
3824,3824,671
3825,3825,876
3826,3826,163
3827,3827,655
3828,3828,970
3829,3829,393
3830,3830,352
3831,3831,333
3832,3832,978
3833,3833,642
3834,3834,638
3835,3835,540
3836,3836,313
3837,3837,117
3838,3838,170
3839,3839,289
3840,3840,579
3841,3841,332
3842,3842,851
3843,3843,907
3844,3844,425
3845,3845,521
3846,3846,659
3847,3847,639
3848,3848,443
3849,3849,633
3850,3850,336
3851,3851,218
3852,3852,37
3853,3853,415
3854,3854,554
3855,3855,693
3856,3856,975
3857,3857,126
3858,3858,458
3859,3859,770
3860,3860,116
3861,3861,19
3862,3862,782
3863,3863,978
3864,3864,629
3865,3865,231
3866,3866,3
3867,3867,378
3868,3868,993
3869,3869,945
3870,3870,309
3871,3871,136
3872,3872,522
3873,3873,911
3874,3874,2
3875,3875,447
3876,3876,28
3877,3877,823
3878,3878,952
3879,3879,648
3880,3880,393
3881,3881,523
3882,3882,177
3883,3883,454
3884,3884,331
3885,3885,907
3886,3886,730
3887,3887,353
3888,3888,973
3889,3889,390
3890,3890,637
3891,3891,526
3892,3892,871
3893,3893,247
3894,3894,921
3895,3895,791
3896,3896,867
3897,3897,483
3898,3898,862
3899,3899,109
3900,3900,314
3901,3901,596
3902,3902,395
3903,3903,428
3904,3904,542
3905,3905,535
3906,3906,992
3907,3907,856
3908,3908,267
3909,3909,289
3910,3910,910
3911,3911,150
3912,3912,209
3913,3913,975
3914,3914,623
3915,3915,843
3916,3916,437
3917,3917,89
3918,3918,698
3919,3919,744
3920,3920,171
3921,3921,208
3922,3922,82
3923,3923,479
3924,3924,603
3925,3925,843
3926,3926,489
3927,3927,624
3928,3928,452
3929,3929,202
3930,3930,921
3931,3931,550
3932,3932,136
3933,3933,661
3934,3934,234
3935,3935,236
3936,3936,80
3937,3937,840
3938,3938,982
3939,3939,284
3940,3940,652
3941,3941,98
3942,3942,675
3943,3943,16
3944,3944,939
3945,3945,764
3946,3946,725
3947,3947,504
3948,3948,407
3949,3949,732
3950,3950,906
3951,3951,634
3952,3952,809
3953,3953,60
3954,3954,138
3955,3955,899
3956,3956,789
3957,3957,34
3958,3958,702
3959,3959,764
3960,3960,381
3961,3961,124
3962,3962,570
3963,3963,959
3964,3964,375
3965,3965,615
3966,3966,929
3967,3967,770
3968,3968,907
3969,3969,606
3970,3970,520
3971,3971,990
3972,3972,263
3973,3973,778
3974,3974,430
3975,3975,810
3976,3976,612
3977,3977,934
3978,3978,123
3979,3979,845
3980,3980,365
3981,3981,651
3982,3982,117
3983,3983,138
3984,3984,748
3985,3985,399
3986,3986,845
3987,3987,667
3988,3988,660
3989,3989,993
3990,3990,842
3991,3991,169
3992,3992,131
3993,3993,745
3994,3994,332
3995,3995,38
3996,3996,469
3997,3997,165
3998,3998,935
3999,3999,745
4000,4000,983
4001,4001,403
4002,4002,954
4003,4003,234
4004,4004,803
4005,4005,720
4006,4006,986
4007,4007,715
4008,4008,446
4009,4009,570
4010,4010,160
4011,4011,441
4012,4012,9
4013,4013,595
4014,4014,155
4015,4015,882
4016,4016,958
4017,4017,42
4018,4018,595
4019,4019,873
4020,4020,638
4021,4021,28
4022,4022,77
4023,4023,768
4024,4024,823
4025,4025,877
4026,4026,87
4027,4027,938
4028,4028,31
4029,4029,352
4030,4030,900
4031,4031,294
4032,4032,873
4033,4033,596
4034,4034,108
4035,4035,818
4036,4036,593
4037,4037,79
4038,4038,968
4039,4039,465
4040,4040,772
4041,4041,413
4042,4042,273
4043,4043,889
4044,4044,760
4045,4045,105
4046,4046,914
4047,4047,474
4048,4048,327
4049,4049,793
4050,4050,941
4051,4051,1
4052,4052,933
4053,4053,471
4054,4054,38
4055,4055,809
4056,4056,18
4057,4057,250
4058,4058,912
4059,4059,817
4060,4060,892
4061,4061,192
4062,4062,176
4063,4063,684
4064,4064,990
4065,4065,528
4066,4066,783
4067,4067,931
4068,4068,765
4069,4069,445
4070,4070,691
4071,4071,524
4072,4072,84
4073,4073,967
4074,4074,823
4075,4075,331
4076,4076,298
4077,4077,579
4078,4078,533
4079,4079,21
4080,4080,910
4081,4081,617
4082,4082,321
4083,4083,275
4084,4084,0
4085,4085,841
4086,4086,204
4087,4087,74
4088,4088,351
4089,4089,71
4090,4090,643
4091,4091,160
4092,4092,170
4093,4093,835
4094,4094,703
4095,4095,359
4096,4096,542
4097,4097,411
4098,4098,241
4099,4099,867
4100,4100,895
4101,4101,183
4102,4102,77
4103,4103,902
4104,4104,83
4105,4105,779
4106,4106,481
4107,4107,434
4108,4108,155
4109,4109,578
4110,4110,673
4111,4111,358
4112,4112,106
4113,4113,908
4114,4114,900
4115,4115,383
4116,4116,755
4117,4117,419
4118,4118,624
4119,4119,619
4120,4120,663
4121,4121,388
4122,4122,762
4123,4123,778
4124,4124,92
4125,4125,168
4126,4126,843
4127,4127,542
4128,4128,523
4129,4129,775
4130,4130,149
4131,4131,897
4132,4132,660
4133,4133,772
4134,4134,608
4135,4135,115
4136,4136,391
4137,4137,853
4138,4138,280
4139,4139,168
4140,4140,871
4141,4141,841
4142,4142,215
4143,4143,550
4144,4144,130
4145,4145,855
4146,4146,302
4147,4147,598
4148,4148,317
4149,4149,807
4150,4150,51
4151,4151,209
4152,4152,65
4153,4153,365
4154,4154,38
4155,4155,762
4156,4156,463
4157,4157,245
4158,4158,390
4159,4159,447
4160,4160,772
4161,4161,31
4162,4162,810
4163,4163,454
4164,4164,755
4165,4165,882
4166,4166,579
4167,4167,891
4168,4168,747
4169,4169,700
4170,4170,786
4171,4171,808
4172,4172,245
4173,4173,309
4174,4174,748
4175,4175,995
4176,4176,463
4177,4177,104
4178,4178,230
4179,4179,902
4180,4180,116
4181,4181,842
4182,4182,119
4183,4183,299
4184,4184,174
4185,4185,587
4186,4186,549
4187,4187,95
4188,4188,982
4189,4189,473
4190,4190,281
4191,4191,850
4192,4192,287
4193,4193,581
4194,4194,481
4195,4195,788
4196,4196,941
4197,4197,515
4198,4198,971
4199,4199,846
4200,4200,66
4201,4201,2
4202,4202,354
4203,4203,274
4204,4204,502
4205,4205,94
4206,4206,146
4207,4207,997
4208,4208,332
4209,4209,508
4210,4210,525
4211,4211,903
4212,4212,717
4213,4213,678
4214,4214,835
4215,4215,863
4216,4216,647
4217,4217,340
4218,4218,750
4219,4219,80
4220,4220,755
4221,4221,699
4222,4222,653
4223,4223,484
4224,4224,581
4225,4225,434
4226,4226,737
4227,4227,289
4228,4228,485
4229,4229,443
4230,4230,883
4231,4231,317
4232,4232,709
4233,4233,632
4234,4234,456
4235,4235,235
4236,4236,238
4237,4237,951
4238,4238,74
4239,4239,2
4240,4240,887
4241,4241,615
4242,4242,590
4243,4243,783
4244,4244,651
4245,4245,205
4246,4246,381
4247,4247,276
4248,4248,949
4249,4249,596
4250,4250,78
4251,4251,718
4252,4252,294
4253,4253,950
4254,4254,812
4255,4255,192
4256,4256,10
4257,4257,333
4258,4258,253
4259,4259,408
4260,4260,311
4261,4261,512
4262,4262,241
4263,4263,351
4264,4264,334
4265,4265,352
4266,4266,441
4267,4267,622
4268,4268,273
4269,4269,75
4270,4270,843
4271,4271,161
4272,4272,930
4273,4273,485
4274,4274,487
4275,4275,635
4276,4276,273
4277,4277,383
4278,4278,781
4279,4279,846
4280,4280,508
4281,4281,955
4282,4282,380
4283,4283,883
4284,4284,287
4285,4285,884
4286,4286,957
4287,4287,6
4288,4288,603
4289,4289,255
4290,4290,816
4291,4291,969
4292,4292,167
4293,4293,590
4294,4294,650
4295,4295,280
4296,4296,805
4297,4297,174
4298,4298,516
4299,4299,515
4300,4300,422
4301,4301,854
4302,4302,514
4303,4303,977
4304,4304,334
4305,4305,782
4306,4306,685
4307,4307,212
4308,4308,669
4309,4309,526
4310,4310,451
4311,4311,256
4312,4312,699
4313,4313,630
4314,4314,442
4315,4315,943
4316,4316,389
4317,4317,643
4318,4318,995
4319,4319,263
4320,4320,96
4321,4321,172
4322,4322,133
4323,4323,894
4324,4324,971
4325,4325,763
4326,4326,225
4327,4327,638
4328,4328,377
4329,4329,974
4330,4330,917
4331,4331,726
4332,4332,604
4333,4333,58
4334,4334,390
4335,4335,19
4336,4336,362
4337,4337,880
4338,4338,972
4339,4339,380
4340,4340,318
4341,4341,255
4342,4342,185
4343,4343,253
4344,4344,459
4345,4345,449
4346,4346,32
4347,4347,258
4348,4348,153
4349,4349,684
4350,4350,682
4351,4351,794
4352,4352,34
4353,4353,109
4354,4354,331
4355,4355,826
4356,4356,83
4357,4357,775
4358,4358,36
4359,4359,388
4360,4360,823
4361,4361,895
4362,4362,917
4363,4363,955
4364,4364,763
4365,4365,544
4366,4366,109
4367,4367,708
4368,4368,695
4369,4369,418
4370,4370,691
4371,4371,688
4372,4372,230
4373,4373,204
4374,4374,698
4375,4375,782
4376,4376,633
4377,4377,730
4378,4378,926
4379,4379,910
4380,4380,942
4381,4381,763
4382,4382,950
4383,4383,938
4384,4384,76
4385,4385,904
4386,4386,195
4387,4387,985
4388,4388,361
4389,4389,617
4390,4390,374
4391,4391,930
4392,4392,790
4393,4393,499
4394,4394,305
4395,4395,945
4396,4396,798
4397,4397,456
4398,4398,954
4399,4399,365
4400,4400,865
4401,4401,624
4402,4402,15
4403,4403,923
4404,4404,241
4405,4405,741
4406,4406,791
4407,4407,868
4408,4408,257
4409,4409,438
4410,4410,491
4411,4411,14
4412,4412,35
4413,4413,593
4414,4414,621
4415,4415,282
4416,4416,666
4417,4417,603
4418,4418,741
4419,4419,745
4420,4420,959
4421,4421,456
4422,4422,489
4423,4423,400
4424,4424,273
4425,4425,850
4426,4426,500
4427,4427,694
4428,4428,814
4429,4429,875
4430,4430,286
4431,4431,262
4432,4432,207
4433,4433,543
4434,4434,406
4435,4435,300
4436,4436,337
4437,4437,771
4438,4438,50
4439,4439,288
4440,4440,529
4441,4441,938
4442,4442,840
4443,4443,24
4444,4444,165
4445,4445,945
4446,4446,851
4447,4447,751
4448,4448,517
4449,4449,987
4450,4450,223
4451,4451,412
4452,4452,734
4453,4453,766
4454,4454,406
4455,4455,603
4456,4456,548
4457,4457,5
4458,4458,752
4459,4459,736
4460,4460,937
4461,4461,812
4462,4462,94
4463,4463,266
4464,4464,247
4465,4465,442
4466,4466,591
4467,4467,499
4468,4468,697
4469,4469,612
4470,4470,799
4471,4471,449
4472,4472,398
4473,4473,213
4474,4474,328
4475,4475,186
4476,4476,498
4477,4477,803
4478,4478,996
4479,4479,724
4480,4480,31
4481,4481,244
4482,4482,962
4483,4483,4
4484,4484,2
4485,4485,329
4486,4486,46
4487,4487,105
4488,4488,622
4489,4489,645
4490,4490,425
4491,4491,419
4492,4492,322
4493,4493,780
4494,4494,703
4495,4495,581
4496,4496,151
4497,4497,724
4498,4498,596
4499,4499,157
4500,4500,916
4501,4501,886
4502,4502,957
4503,4503,285
4504,4504,796
4505,4505,241
4506,4506,257
4507,4507,99
4508,4508,616
4509,4509,790
4510,4510,353
4511,4511,53
4512,4512,478
4513,4513,351
4514,4514,826
4515,4515,132
4516,4516,152
4517,4517,758
4518,4518,176
4519,4519,172
4520,4520,509
4521,4521,797
4522,4522,741
4523,4523,41
4524,4524,413
4525,4525,883
4526,4526,237
4527,4527,864
4528,4528,856
4529,4529,554
4530,4530,521
4531,4531,468
4532,4532,556
4533,4533,908
4534,4534,427
4535,4535,935
4536,4536,516
4537,4537,912
4538,4538,326
4539,4539,873
4540,4540,435
4541,4541,299
4542,4542,720
4543,4543,969
4544,4544,617
4545,4545,378
4546,4546,120
4547,4547,114
4548,4548,126
4549,4549,623
4550,4550,896
4551,4551,324
4552,4552,247
4553,4553,491
4554,4554,592
4555,4555,812
4556,4556,653
4557,4557,867
4558,4558,459
4559,4559,379
4560,4560,919
4561,4561,824
4562,4562,676
4563,4563,128
4564,4564,43
4565,4565,555
4566,4566,622
4567,4567,895
4568,4568,374
4569,4569,699
4570,4570,144
4571,4571,287
4572,4572,398
4573,4573,912
4574,4574,920
4575,4575,68
4576,4576,127
4577,4577,319
4578,4578,605
4579,4579,563
4580,4580,888
4581,4581,27
4582,4582,532
4583,4583,284
4584,4584,798
4585,4585,472
4586,4586,159
4587,4587,139
4588,4588,631
4589,4589,482
4590,4590,96
4591,4591,61
4592,4592,219
4593,4593,385
4594,4594,394
4595,4595,26
4596,4596,39
4597,4597,413
4598,4598,665
4599,4599,837
4600,4600,772
4601,4601,722
4602,4602,236
4603,4603,776
4604,4604,765
4605,4605,157
4606,4606,736
4607,4607,131
4608,4608,705
4609,4609,525
4610,4610,238
4611,4611,763
4612,4612,748
4613,4613,794
4614,4614,816
4615,4615,928
4616,4616,210
4617,4617,88
4618,4618,582
4619,4619,537
4620,4620,91
4621,4621,179
4622,4622,495
4623,4623,77
4624,4624,445
4625,4625,114
4626,4626,979
4627,4627,245
4628,4628,481
4629,4629,562
4630,4630,208
4631,4631,424
4632,4632,39
4633,4633,194
4634,4634,30
4635,4635,830
4636,4636,148
4637,4637,945
4638,4638,498
4639,4639,29
4640,4640,160
4641,4641,466
4642,4642,62
4643,4643,959
4644,4644,807
4645,4645,164
4646,4646,780
4647,4647,113
4648,4648,769
4649,4649,62
4650,4650,788
4651,4651,520
4652,4652,41
4653,4653,790
4654,4654,14
4655,4655,112
4656,4656,469
4657,4657,33
4658,4658,545
4659,4659,747
4660,4660,351
4661,4661,576
4662,4662,958
4663,4663,206
4664,4664,171
4665,4665,250
4666,4666,355
4667,4667,519
4668,4668,525
4669,4669,490
4670,4670,87
4671,4671,622
4672,4672,140
4673,4673,312
4674,4674,894
4675,4675,568
4676,4676,648
4677,4677,685
4678,4678,479
4679,4679,497
4680,4680,666
4681,4681,697
4682,4682,26
4683,4683,448
4684,4684,561
4685,4685,850
4686,4686,865
4687,4687,185
4688,4688,320
4689,4689,838
4690,4690,566
4691,4691,849
4692,4692,852
4693,4693,703
4694,4694,879
4695,4695,71
4696,4696,312
4697,4697,546
4698,4698,27
4699,4699,805
4700,4700,168
4701,4701,904
4702,4702,327
4703,4703,847
4704,4704,991
4705,4705,548
4706,4706,886
4707,4707,267
4708,4708,380
4709,4709,260
4710,4710,199
4711,4711,158
4712,4712,497
4713,4713,356
4714,4714,814
4715,4715,124
4716,4716,567
4717,4717,656
4718,4718,238
4719,4719,424
4720,4720,157
4721,4721,105
4722,4722,169
4723,4723,733
4724,4724,486
4725,4725,898
4726,4726,575
4727,4727,457
4728,4728,535
4729,4729,634
4730,4730,455
4731,4731,742
4732,4732,341
4733,4733,607
4734,4734,557
4735,4735,876
4736,4736,246
4737,4737,707
4738,4738,172
4739,4739,480
4740,4740,337
4741,4741,318
4742,4742,652
4743,4743,601
4744,4744,446
4745,4745,638
4746,4746,627
4747,4747,764
4748,4748,953
4749,4749,672
4750,4750,169
4751,4751,782
4752,4752,253
4753,4753,242
4754,4754,679
4755,4755,825
4756,4756,535
4757,4757,684
4758,4758,566
4759,4759,968
4760,4760,14
4761,4761,734
4762,4762,632
4763,4763,964
4764,4764,649
4765,4765,754
4766,4766,313
4767,4767,193
4768,4768,211
4769,4769,60
4770,4770,332
4771,4771,778
4772,4772,529
4773,4773,180
4774,4774,265
4775,4775,232
4776,4776,338
4777,4777,540
4778,4778,783
4779,4779,764
4780,4780,95
4781,4781,397
4782,4782,114
4783,4783,750
4784,4784,213
4785,4785,6
4786,4786,639
4787,4787,931
4788,4788,997
4789,4789,921
4790,4790,401
4791,4791,895
4792,4792,825
4793,4793,547
4794,4794,97
4795,4795,723
4796,4796,760
4797,4797,440
4798,4798,856
4799,4799,936
4800,4800,76
4801,4801,266
4802,4802,378
4803,4803,70
4804,4804,670
4805,4805,725
4806,4806,471
4807,4807,112
4808,4808,285
4809,4809,62
4810,4810,960
4811,4811,29
4812,4812,987
4813,4813,895
4814,4814,616
4815,4815,635
4816,4816,222
4817,4817,953
4818,4818,482
4819,4819,479
4820,4820,142
4821,4821,977
4822,4822,138
4823,4823,262
4824,4824,160
4825,4825,621
4826,4826,819
4827,4827,117
4828,4828,871
4829,4829,670
4830,4830,900
4831,4831,695
4832,4832,555
4833,4833,314
4834,4834,297
4835,4835,625
4836,4836,717
4837,4837,258
4838,4838,452
4839,4839,888
4840,4840,379
4841,4841,546
4842,4842,730
4843,4843,475
4844,4844,66
4845,4845,351
4846,4846,893
4847,4847,240
4848,4848,770
4849,4849,66
4850,4850,266
4851,4851,704
4852,4852,911
4853,4853,686
4854,4854,225
4855,4855,476
4856,4856,82
4857,4857,15
4858,4858,812
4859,4859,876
4860,4860,231
4861,4861,223
4862,4862,96
4863,4863,485
4864,4864,827
4865,4865,308
4866,4866,296
4867,4867,922
4868,4868,985
4869,4869,751
4870,4870,610
4871,4871,195
4872,4872,938
4873,4873,367
4874,4874,775
4875,4875,224
4876,4876,708
4877,4877,144
4878,4878,531
4879,4879,19
4880,4880,264
4881,4881,41
4882,4882,124
4883,4883,79
4884,4884,376
4885,4885,481
4886,4886,86
4887,4887,349
4888,4888,763
4889,4889,879
4890,4890,659
4891,4891,869
4892,4892,231
4893,4893,217
4894,4894,737
4895,4895,579
4896,4896,76
4897,4897,60
4898,4898,553
4899,4899,468
4900,4900,332
4901,4901,706
4902,4902,4
4903,4903,590
4904,4904,313
4905,4905,895
4906,4906,921
4907,4907,549
4908,4908,808
4909,4909,449
4910,4910,101
4911,4911,746
4912,4912,91
4913,4913,253
4914,4914,294
4915,4915,928
4916,4916,868
4917,4917,711
4918,4918,757
4919,4919,795
4920,4920,442
4921,4921,618
4922,4922,706
4923,4923,427
4924,4924,151
4925,4925,59
4926,4926,376
4927,4927,709
4928,4928,790
4929,4929,711
4930,4930,15
4931,4931,71
4932,4932,847
4933,4933,810
4934,4934,167
4935,4935,253
4936,4936,617
4937,4937,793
4938,4938,175
4939,4939,261
4940,4940,94
4941,4941,458
4942,4942,418
4943,4943,807
4944,4944,982
4945,4945,429
4946,4946,663
4947,4947,403
4948,4948,593
4949,4949,979
4950,4950,519
4951,4951,432
4952,4952,540
4953,4953,757
4954,4954,436
4955,4955,639
4956,4956,643
4957,4957,519
4958,4958,192
4959,4959,485
4960,4960,992
4961,4961,318
4962,4962,152
4963,4963,768
4964,4964,667
4965,4965,442
4966,4966,222
4967,4967,271
4968,4968,715
4969,4969,257
4970,4970,882
4971,4971,806
4972,4972,200
4973,4973,690
4974,4974,820
4975,4975,725
4976,4976,687
4977,4977,329
4978,4978,77
4979,4979,716
4980,4980,93
4981,4981,314
4982,4982,268
4983,4983,279
4984,4984,808
4985,4985,280
4986,4986,464
4987,4987,184
4988,4988,948
4989,4989,824
4990,4990,499
4991,4991,736
4992,4992,591
4993,4993,547
4994,4994,369
4995,4995,892
4996,4996,288
4997,4997,872
4998,4998,200
4999,4999,486
5000,5000,833
